name,email,created_at,login_at,status
"Aida Halvorson I",leannon.audrey@lowe.net,2023-05-01T19:35:42.000000Z,"Apr 28, 2023 07:35 PM",1
"Alex Fadel",sonia.streich@yahoo.com,2023-05-01T19:35:40.000000Z,"Apr 26, 2023 07:35 PM",1
"Amelie Kessler Sr.",macie05@gmail.com,2023-05-01T19:35:38.000000Z,,1
"Andrew Abernathy",kstreich@nitzsche.org,2023-05-01T19:35:38.000000Z,"Apr 28, 2023 07:35 PM",1
"Annetta Conroy",ziemann.luna@adams.biz,2023-05-01T19:35:41.000000Z,"Apr 30, 2023 07:35 PM",1
"Bonnie Predovic",trinity.bruen@yahoo.com,2023-05-01T19:35:40.000000Z,,1
"Caleigh Schamberger DDS",brown.beer@johnson.com,2023-05-01T19:35:39.000000Z,,1
"Carrie Runte",addie.jerde@gutkowski.org,2023-05-01T19:35:38.000000Z,,1
"Charlie Stanton II",sonny73@hotmail.com,2023-05-01T19:35:41.000000Z,,1
"CLR Admin",stanley.eires@gmail.com,2023-05-01T19:35:37.000000Z,"Apr 25, 2023 07:35 PM",1
"Cristobal Cummings",george78@yahoo.com,2023-05-01T19:35:40.000000Z,,1
"Darlene Harvey IV",xmarquardt@mohr.com,2023-05-01T19:35:39.000000Z,,0
"Dean Kuphal",alisa54@gmail.com,2023-05-01T19:35:39.000000Z,,1
"Dr. Sammie Roberts",lee65@hotmail.com,2023-05-01T19:35:41.000000Z,"Apr 22, 2023 07:35 PM",1
"Dr. Susanna Muller",rkoss@block.biz,2023-05-01T19:35:41.000000Z,"Apr 22, 2023 07:35 PM",1
"Eliseo Dach",rolando.huel@jerde.com,2023-05-01T19:35:38.000000Z,,1
"Emmet Windler MD",hintz.mavis@wilkinson.com,2023-05-01T19:35:41.000000Z,,1
"Eriberto Wiegand",xpouros@nader.com,2023-05-01T19:35:40.000000Z,,1
"Ernesto Daugherty",zaltenwerth@gmail.com,2023-05-01T19:35:40.000000Z,,1
"Florine Greenholt III",blake16@yahoo.com,2023-05-01T19:35:42.000000Z,,1
"Gregg Skiles",feeney.aron@schmitt.biz,2023-05-01T19:35:40.000000Z,"Apr 30, 2023 07:35 PM",1
"Hershel Weissnat I",jgorczany@hauck.com,2023-05-01T19:35:38.000000Z,,1
"Holden Towne",schuster.arturo@yahoo.com,2023-05-01T19:35:41.000000Z,,1
"Hyman Wolff III",catharine.williamson@ebert.com,2023-05-01T19:35:40.000000Z,"Apr 30, 2023 07:35 PM",1
"Janick Hyatt III",laurianne86@eichmann.com,2023-05-01T19:35:39.000000Z,"Apr 30, 2023 07:35 PM",1
"Julian Hegmann V",hudson.george@hessel.com,2023-05-01T19:35:41.000000Z,,1
"Kane Kautzer",ruthe04@yahoo.com,2023-05-01T19:35:39.000000Z,,1
"Kayleigh Osinski IV",donnie41@gmail.com,2023-05-01T19:35:38.000000Z,"Apr 29, 2023 07:35 PM",1
"Kristin Collins PhD",fannie25@volkman.com,2023-05-01T19:35:39.000000Z,,1
"Larry Hammes",zernser@gmail.com,2023-05-01T19:35:39.000000Z,"Apr 29, 2023 07:35 PM",1
"Lela White Sr.",macie53@hotmail.com,2023-05-01T19:35:42.000000Z,,1
"Madilyn Homenick",margarett.wisoky@stehr.com,2023-05-01T19:35:41.000000Z,"Apr 26, 2023 07:35 PM",1
"Malika Boyle",xavier64@effertz.com,2023-05-01T19:35:38.000000Z,,1
"Mallory Kuhic",walter.tyree@kemmer.com,2023-05-01T19:35:38.000000Z,,1
"Marisol Cronin",hamill.elena@yahoo.com,2023-05-01T19:35:37.000000Z,,1
"Martina Grady II",watsica.missouri@yahoo.com,2023-05-01T19:35:38.000000Z,"Apr 22, 2023 07:35 PM",0
"Mr. Demond Schaden III",audrey21@harris.com,2023-05-01T19:35:40.000000Z,,1
"Mr. Valentin Veum",carlo43@zulauf.info,2023-05-01T19:35:38.000000Z,"Apr 25, 2023 07:35 PM",0
"Ms. Audrey Friesen",ryan.maudie@bayer.org,2023-05-01T19:35:37.000000Z,"Apr 22, 2023 07:35 PM",1
"Ms. Emely Crona III",theresia.carroll@yahoo.com,2023-05-01T19:35:39.000000Z,"Apr 22, 2023 07:35 PM",1
"Ms. Rosamond Kub",queenie93@auer.com,2023-05-01T19:35:42.000000Z,"May 01, 2023 07:35 PM",1
"Porter Kiehn",mcdermott.unique@batz.com,2023-05-01T19:35:41.000000Z,,1
"Prof. Libby Beahan",rodriguez.emilie@yahoo.com,2023-05-01T19:35:41.000000Z,,1
"Prof. Stephan Skiles",emil20@hill.net,2023-05-01T19:35:42.000000Z,"Apr 22, 2023 07:35 PM",1
"Reanna Robel I",lueilwitz.retha@lubowitz.com,2023-05-01T19:35:42.000000Z,"Apr 23, 2023 07:35 PM",1
"Reta Heathcote DVM",kerluke.hanna@skiles.org,2023-05-01T19:35:39.000000Z,"Apr 28, 2023 07:35 PM",1
"Samir Emard",jayce.brakus@hotmail.com,2023-05-01T19:35:37.000000Z,"Apr 25, 2023 07:35 PM",1
"Sharon Emard",tiara60@spencer.com,2023-05-01T19:35:39.000000Z,"Apr 30, 2023 07:35 PM",0
"Shyann Mosciski",stroman.mathilde@kautzer.com,2023-05-01T19:35:38.000000Z,"Apr 23, 2023 07:35 PM",1
"Silas Rolfson",helene00@rempel.com,2023-05-01T19:35:41.000000Z,"Apr 26, 2023 07:35 PM",0
